customer_id,name,email,address,phone_number,registration_date
760be9e9-84d0-48c3-ac86-a5f303422911,Charles Morales,daniellehayes@example.org,"USNV Walker
FPO AE 63196",258.521.4130x823,2024-01-25
a43b0129-4313-4dc5-8ec2-04074d57d8cc,Michael Terry,robert26@example.net,"46908 Kimberly Knoll Suite 494
Villanuevaborough, SC 87350",617-583-8371x411,2023-08-31
8e6e9543-6b65-483e-b555-04400b8cca71,Sean Burns,bradshawlouis@example.net,"4240 Wanda Village
Riverastad, VI 62322",809-902-1240x61423,2023-01-24
c18fb939-9833-492a-aef2-dee4b0314705,Jeremy Brooks,richardgarcia@example.com,"226 Lee Skyway Apt. 858
Crosbyview, FL 76824",+1-287-614-3022x52215,2023-10-01
b575db90-029c-41f3-897c-37502f5e4c55,Amy Perez,sjohnson@example.org,"355 Shaw Squares
West Linda, AR 25859",883.602.1166,2021-01-07
9cd173e4-6dd2-48e7-8fc8-feb8fc722733,Mr. Paul Curtis,jessicawilliams@example.org,"Unit 5788 Box 7685
DPO AA 89774",001-367-426-7681x790,2022-02-24
d2d28d8c-1513-4412-9d9c-3fc128041822,Jennifer Nelson,cguerra@example.org,"Unit 1492 Box 1122
DPO AP 54976",948.654.9753,2024-08-01
1cc20309-95c3-4791-8eb4-c60caa878e54,Erin Cook,thompsonbrittany@example.org,"06488 Daniels Summit
Rodriguezstad, KY 60475",221-205-6712x755,2022-12-26
7010997f-1698-4e4f-a46b-5ca17404d466,Elizabeth Alvarez,paulporter@example.org,"1126 Oliver Path Apt. 708
Garciaville, NV 96655",690-513-2381,2023-11-11
6d36dc40-54d9-4a2a-908f-be1c181ba0e3,Stephanie Hall,angelkennedy@example.net,"2282 Reed Club
South Katherine, ME 76095",001-884-567-7052x827,2022-03-13
2310f85c-3f01-48c6-87b9-a4aea6880290,Krystal Lopez,fbrown@example.net,"11319 David Ridge Apt. 624
Port Michael, DE 97994",001-537-788-0104x973,2021-07-12
8dfbe113-4e2d-4e3c-87aa-5d7e872c4a19,Shane Miller,rebeccahoward@example.org,"4886 Peterson Lane Suite 758
New Holly, GA 28096",001-719-330-1957x54429,2023-06-06
977a929e-4c38-482e-9e70-af12f485f0c8,Calvin Vaughn,collin76@example.org,"41843 Mullins Manors
Lake Yolanda, KY 87177",001-351-483-2754x672,2021-03-25
a0768cb5-de31-4ddd-9bf9-762c00065027,April Harris,karen79@example.net,"037 Daniel Locks
Brandiport, CA 26700",302-569-1728,2024-03-26
c867aa4c-31f2-428d-9bdb-fc4c5659eda9,Travis Guerra,davisjonathan@example.net,"1887 Contreras Stravenue
Port Louis, MD 19317",871.331.0947,2024-07-06
f7b3ae42-ea90-42dd-8952-f882beffa945,Kelly Brown,nicoleedwards@example.org,"5504 Timothy Light Apt. 165
Josephberg, SC 87285",5138346020,2021-09-06
65dce5f7-40f9-49b3-afa3-03d98e4ad644,Deborah Gill,matthew75@example.org,"USS Medina
FPO AA 40848",2397781218,2020-09-07
aea1d350-2121-4337-a503-4e853109b253,Kelly Allen,perezjessica@example.net,"8426 Rice Road
South Kyleville, IA 32286",001-689-853-3611x24499,2020-04-10
22ed56af-c17c-4041-b52f-ac06068d5fd1,Jose Williams,hryan@example.org,"21198 Lisa Summit Suite 754
Rebeccamouth, HI 12674",001-352-918-7519x896,2022-12-21
aa67c819-3d21-4633-9c23-4db24c0ed367,Michael Lang,emily50@example.net,"Unit 6378 Box 2856
DPO AP 47774",001-858-507-7625x7039,2023-11-13
74956b6a-3324-44cf-9a6b-a9f02a59297c,Kyle Benton,pcarlson@example.com,"95951 Brittany Stravenue
Brittanyland, LA 56113",001-460-596-7708x6478,2023-01-19
54743a13-02ad-4a17-ac6f-266fc177736d,Kirk Tate,ahernandez@example.org,"18281 Tammie River
South Christopherborough, KS 24527",7616393574,2021-02-28
ba7bdcc0-a6cc-46fa-86b7-7743057f5271,Gavin Marsh,william22@example.net,"623 Rojas Ville Apt. 005
East Hailey, RI 25611",(690)442-6191x576,2020-06-04
9a730335-16b7-4ade-b2fc-a5bba223c25e,Jason Neal,jonathanmcdonald@example.com,"391 John Brook Suite 188
Johnsonside, HI 71552",(694)585-8267,2022-01-15
5b7df4f7-b9b3-4bd2-8bd4-7e5a3d5356f4,William Hill,matthew67@example.com,"59572 Julia Radial
Williehaven, ID 14012",791-217-9237x94673,2021-06-02
60314590-139c-4166-aecb-77b63b9257fb,Sonia Villa,deborahsmith@example.net,"21893 Thomas Highway
West Cynthiamouth, PA 04327",554.783.0718x46996,2020-08-01
3bad8fdb-fe21-4ace-9f12-08fc6b2bd4da,Caleb Parker,zgonzales@example.net,"873 Latasha Stravenue
Whiteville, VA 09849",(618)703-2790,2024-01-10
c7418832-f0b3-4f12-9fcc-55a28aafa92a,Jesse Golden,hendrixdaniel@example.net,"9357 Pamela Key
Laurafort, TN 25886",+1-627-321-3110x00278,2022-10-05
d17794ee-e011-486c-ab60-e1694fcf6d63,Rachel Russo,danderson@example.com,"39842 Smith Summit Suite 289
Stacyview, SD 84104",+1-227-379-1206x42974,2021-06-26
4b70cf89-57f0-46e6-b633-7ef6e35603dc,Jessica Davis,jon69@example.org,"221 Lisa Plains
North Sheila, MP 18682",658.361.0038x841,2020-08-19
746d18fc-6079-4dee-9a36-8dcebde87f76,Nancy Smith,parrishdevin@example.com,"095 Williams Tunnel
New Michealburgh, RI 12366",(747)787-1831x06399,2021-11-30
d02c9687-6600-401f-9253-cc862dd9434f,Ryan Thompson,rogersnichole@example.com,"0592 Jacob Heights
East Sarah, HI 95339",202.381.6144x4996,2021-09-17
358967be-6be9-45ce-9158-eff13c4c3fc9,Christine Shelton,patrickbarnett@example.com,"054 Johnson Fork Apt. 045
Laurafort, NY 47499",(399)858-5232x6215,2023-04-24
7cc64d18-5bcb-4b9d-b898-4f4b6d3f96de,Amber Kemp,manningdiane@example.org,"Unit 8020 Box 5947
DPO AA 91083",(899)802-2669,2020-08-24
fb7b96da-6aba-4826-ac0e-2411b0f9e624,Tracy Alexander,johnsonkristopher@example.com,"6303 Debra Crescent
Kiddhaven, WV 42971",615.711.8535,2021-05-26
baf85c58-4b72-46b1-89ce-6db3e6e3ef29,Carol Powers,katkins@example.net,"9738 Thomas Plain
West Christophermouth, MO 46039",535-380-9217x30196,2022-10-20
6975a475-37fb-4fd8-b394-91f9cfe81cd4,Anna Armstrong,angelamiller@example.com,"214 Reese Trace
Kaylaberg, ID 93105",(668)960-0361,2021-10-24
7fb83558-d014-42ad-bcb3-f6b2b1bedfdc,Brian Torres,staciecarter@example.org,"77081 Jones Inlet
West Sherylchester, MP 48682",970.417.2844,2023-02-18
20ce7ec7-a932-4a88-82a5-53e822f71c50,Zachary Dunn,alexandragarcia@example.net,"18376 Hancock Point
Wardland, AL 06097",(767)766-7700x0815,2023-04-20
e6db6151-4be2-4d1e-8c92-db28981acc34,Vanessa Ho,daniel06@example.net,"57451 Hayes Pines Apt. 218
Cassandraland, VA 69831",001-243-862-0905x02487,2023-08-01
32750853-ec73-403f-8306-fd6ea238add8,Tanya Franco,caitlin84@example.com,"75348 Joel Inlet
Morrishaven, AZ 73395",(611)347-1015x132,2024-03-05
44032da7-1f7c-4830-bbdf-3964adef2d82,Rachel Lambert,patricia82@example.net,"187 White Circle Apt. 805
East Keith, ID 69802",001-600-449-1458,2020-04-24
99a04b5b-975e-496b-9897-d53f71b96641,Robert Rodriguez,maryhughes@example.com,"301 Fowler Fort
East David, CT 99725",+1-343-228-7110x378,2023-03-09
db2a84a1-7084-4a08-9acc-7ae60fe1564d,Toni Williams,ffox@example.net,"44328 Diane Curve Suite 821
Breannafort, LA 53640",710-715-5700x004,2021-08-27
9dbcdfc9-588f-43cc-8f60-2b70051a435d,Lisa Duncan,kristinadams@example.org,"USNS Garcia
FPO AE 18019",7587069143,2024-06-12
ce2a046f-3a26-4e8e-862d-8d9f6fc6edac,Luis Collins,ptaylor@example.net,"7525 Jimenez Run Suite 209
East Shawnfort, AZ 42062",257.213.4984,2020-12-06
d6779fba-c345-4109-9213-d0009e9d3453,Kendra Atkinson,ryan94@example.net,"04377 Samantha Flat
Port Denniston, NC 53735",505.675.9610,2023-10-09
c380921c-0eb4-48c1-99ce-262d28973598,William Griffith,dpruitt@example.com,"36525 King Garden Apt. 182
East Guy, PW 26902",896-776-2946x2435,2021-02-19
8e5720ef-1982-4842-8553-3673ec6ea51d,Dawn Johnson,alex36@example.net,"42668 Rachel Shoal Suite 849
West Michael, FL 95202",001-403-208-4715,2022-07-09
dd76e6ca-c6fa-4214-b793-6b5f7bbf2ae9,Stephanie Black,pennyhebert@example.org,"175 Boyd Fork
Lake Williamport, NV 02361",(341)253-6976,2022-06-28
0c58b29b-d3ea-43ad-b9fc-29bda3bd7a19,Seth Frank,juliaryan@example.org,"0056 Michael Alley
Rodriguezshire, CA 65177",(492)724-1405,2021-03-31
aa2f9a58-71ec-4aba-a299-ec39e942d38c,Robert Martinez,rcooper@example.com,"77087 Peter Flat Suite 619
Evanmouth, ND 76056",001-302-996-5949,2022-01-08
859988df-313a-4fd4-b476-19208680b36a,Natalie Solis,jenniferdavis@example.org,"82311 Douglas Loaf Suite 353
East Sherry, AK 89109",001-847-402-4462x40122,2020-11-10
9c709498-0ca9-44b0-8766-def661676c65,Lindsey Mcmahon,rickyterrell@example.org,"0107 Ebony Ways Suite 403
Angelicahaven, AL 93655",+1-543-210-1655x365,2021-09-13
b4d6f836-7eec-4a45-9933-cd9f13da81b3,Andre Thornton,mmclean@example.com,"1833 Martinez Inlet Apt. 850
Maciasborough, DE 08285",778.948.7073,2024-01-20
4731481a-24d7-4c5c-a134-9efc0538566a,Kevin Jones,carlawatkins@example.org,"1829 Barrett Dam Suite 681
Wilsonbury, DC 90890",233.534.3487,2020-03-14
5742b678-a0a4-46f0-8d4d-663e68aefb7e,Deanna Lewis,castroisaiah@example.net,"14159 Andrew Pines
Jacobtown, VT 29925",501.235.3375x25156,2024-02-18
6b78cf16-9458-4c2a-8683-4ccdefdbf904,Heidi Ferrell,vlopez@example.net,"0705 Bryan Ridge Suite 339
Bellberg, TX 29204",821-493-4922x785,2020-04-13
6e8f1d88-8e62-491e-8694-3d6c2bd7dddc,Scott Singleton,rodneytucker@example.net,"3208 Valerie View
Floresville, MN 83215",(719)489-7736,2021-11-08
05508f7d-3c94-4d7d-bd74-5d44e7334ca3,Patricia Gonzalez,david56@example.org,"4318 Turner Drive Suite 301
South Kyleland, ID 55326",001-516-912-5010x01172,2020-04-15
3dcbc4c0-d32f-4d29-a9c3-330a411a8303,Barbara Chapman,rachel49@example.com,"3090 Stevenson Grove Apt. 975
North Travis, MP 63844",210-515-9513,2020-11-25
8254cd11-b7d1-4ec0-8958-235adac415e6,Michael Padilla,bryan74@example.org,"783 Katherine Shore
New Davidbury, MA 02172",(560)494-4544,2020-01-07
9e07c23c-1605-43a8-974f-f193812b3f3c,David Long,bbrown@example.net,"43321 Cynthia Crossroad
Port Mariashire, VA 22781",(829)247-9914,2020-09-25
6940063e-cff0-44a2-a228-2f6ea317ba73,Tyler Mullen,sandra45@example.org,"1758 William Inlet
South Matthewborough, TX 88650",253-626-7310x9482,2022-11-29
140d95b6-1f7b-401f-94bb-1ea3f80a860c,Amber Collins,rebekahclements@example.org,"2784 Nicole Parkway
Maxhaven, MT 37754",001-299-631-8975x4221,2021-11-16
3144317a-a048-43cf-aeb8-9ac05d0b1be7,Shelly Harrison,richardteresa@example.com,"487 Alexander Drive Apt. 042
Callahanfort, LA 05274",+1-953-552-0545x99656,2021-10-19
03bc9bdd-0d86-4731-9a10-d7db1ec14cd4,John Long,dwalker@example.org,"3103 Aaron Trace
Lake Robertside, LA 11041",547.882.4634x458,2023-11-01
392a7b53-f3e6-4d41-86d7-cc1bfd102d45,Jessica Townsend,lisa06@example.com,"174 Randall Ranch
Brownfurt, OH 42183",486-805-1500x6810,2022-05-29
bc2e9dc2-e579-4f2d-96aa-4e69d724c6b1,Laurie Stewart,james99@example.org,"3860 Laura Port Apt. 418
South Cindy, VT 84214",965-317-1180,2022-12-21
d2201aae-0767-48fa-a641-e661cd4a5cc8,Jonathan Green,jacqueline43@example.net,"6631 Kaiser Ways
Amandaside, VI 41390",908.592.2205,2021-10-03
dbb6f5c2-045c-4390-9693-c51450177c5e,Caitlin Ramos,jennifer29@example.com,"86504 Adam Plain
Spencerfort, OK 90705",8818866357,2022-06-24
b5f1ba5c-f7bc-4750-b2df-a205d4df8f59,Ashley Davenport,josephdavid@example.org,"USS Sandoval
FPO AP 17997",(626)882-6301x8037,2024-02-03
8d904880-d91b-4cd3-9c2b-f42026a108bb,Marie Bishop,ryan00@example.org,"94926 Thompson Lane Suite 693
Tamarastad, MO 18747",526.835.0405x173,2022-03-01
553d3c77-06fa-4807-a295-67c3aacd9a86,Olivia Becker,burtontony@example.com,"13766 Michael Shoals
Lake Rebeccachester, LA 10920",4002392794,2022-05-11
5b7d5c09-ac0b-4928-a2da-9a1173e0e485,Amanda Johnson,leelarry@example.com,"520 Taylor Ports
Jasonberg, RI 98767",778-677-8370,2020-10-17
3602f5ab-2104-41ed-9617-0ece2070f5f4,Barbara Reyes,gary69@example.com,"50051 John Corners Apt. 739
Tamaratown, SC 07077",(770)869-4726x84139,2023-06-23
eb4eb80a-f987-41f7-805e-b6e654d9d9ec,Parker Brewer,reevesjacob@example.com,"USNS Martin
FPO AP 58018",001-430-382-6265x367,2022-02-07
f864e48e-825c-425a-b283-4cdec676946f,Teresa Lane,campbelljennifer@example.org,"3892 Becker Mall
Lake Seanville, IA 91800",688.946.2445x01722,2021-08-03
eb29e8a2-ae71-44b6-83ef-6cac9a8ec13f,Haley Garcia,johnbrown@example.org,"914 Jones Avenue Apt. 617
Port Jamie, SD 24105",+1-475-890-2346x93286,2021-05-25
e4253a1d-ee7f-4b63-bcd7-cace6c910844,Alfred Young,mike03@example.com,"504 Lowe Estate Suite 582
Lake Bethanyport, GU 92884",+1-946-349-5182x56723,2021-06-06
41a58791-8f4e-427e-9a63-3fbb395939a9,Ricardo Mejia,anixon@example.net,"8196 Jessica Plains Apt. 361
East Jennifer, OH 04681",892-379-6265x4751,2023-09-15
ab271a45-6f24-46cc-acd4-78f0da39b717,Mr. Jason Garcia,charles83@example.net,"5268 Courtney Radial
Claudiaburgh, IA 13504",(545)231-1206x63892,2021-08-17
1c04f5b8-62c4-4d4b-88c7-ded2eb4fbe36,Jacqueline Nelson,jenniferbailey@example.net,"180 Jose Island
Alexberg, AK 43809",729-282-9537x17164,2022-08-11
64fddde6-f3ca-4bcb-a87b-928944418890,Thomas Vargas,brandon87@example.org,"24801 Alyssa Stream
Port Patrick, GA 54236",+1-246-388-2370x1957,2021-12-22
e87c87ce-bce6-41b3-b68d-366a62fadeee,Michael Murphy,maureendavis@example.org,"1290 Matthew Flat
Lake Erikaview, MI 81642",(864)681-0940x20799,2023-03-29
1c864aff-7577-4dc0-b649-e292d407611d,Stacy Matthews,john83@example.org,"174 Kristen Vista Suite 101
North Kathryn, IA 34213",5516910395,2021-08-05
88e1b3a7-c880-4064-b7b8-a351c6575e87,David Chavez,bkennedy@example.net,"903 Sanders Vista Apt. 393
Philipburgh, PW 70779",881.208.9734x586,2024-01-29
9fc64379-04b3-4270-9d6c-0bb6d7c615a6,Jonathan Gibson,pattersonlarry@example.net,"USCGC Morgan
FPO AE 04434",001-678-807-5864x8926,2020-05-03
a359d0a2-50d6-4eeb-82ca-e3e3509420d3,Andrea Trujillo,trujilloapril@example.org,"4754 Michael Ferry
Davidville, PW 16540",(911)815-7871,2022-04-06
4d1ce2bf-b2ca-4a58-9d48-07d111d88655,Anne Fitzgerald,ymyers@example.com,"738 Richard Drive
North Paulabury, LA 32037",2567394087,2021-07-16
cb721ddd-4a08-44b2-89f9-44970ca7fec2,William Mason,ricky10@example.com,"486 Victor Square Apt. 384
Port Christopher, VA 11699",+1-934-776-0899x450,2020-09-16
30e85c3f-89e8-4dbe-a97d-3b3386585b42,Shelley Wilson,grantdaniel@example.net,"9274 Lee Landing Suite 326
North Megantown, KY 50903",469-232-8689x7330,2020-10-27
14935384-51ac-4529-af02-7c5ced15ab11,Kimberly Vega,ortegachristina@example.com,"9471 Alvarez Ford
North Cameron, IL 07573",320.712.8850,2022-10-02
4c46909a-1759-49fb-ab7e-0c8c015bedb8,Hayden Garcia,frazierneil@example.net,"438 Mike Isle Suite 874
Hornport, HI 18524",719-786-8317,2020-08-13
a12afad5-4345-4cf0-be1b-a86fa52c3dbd,Kristin Hall,tara58@example.com,"76697 Arnold Inlet
New Joshuatown, MT 93451",600-655-3684,2021-08-04
3c3659c5-83a1-4a95-bf4d-1aa230c423ab,Brandi Rodriguez,stephen83@example.org,"60086 Rodriguez Vista Suite 511
Griffithville, MS 69847",789-448-3834,2021-02-05
a8292338-ee1e-43db-ad86-a2621d70b522,William Brown,cooperroger@example.net,"2163 Lisa Cliffs Suite 380
Christopherchester, MN 61599",001-509-705-5149x82516,2020-02-26
33e60f17-08d5-4c14-aa75-d31f53c9334b,Michelle Rogers,phillip08@example.net,"33801 Peter Square Apt. 510
Lake Charles, AR 43262",8869631681,2021-06-23
321f342e-992a-468c-ae01-97f920dfedc3,Angela Leon,john44@example.com,"2043 Darrell Plain Suite 797
Tammystad, DC 59675",289-358-8809,2024-01-18
11564a19-92b4-4d4e-b146-e28fee43f4d0,Ronald Lawson,jason39@example.net,"74380 Mays Brooks Suite 678
New Jonathan, WA 37278",4886196886,2020-09-02
